bench_id,dataset,scenario,operation,resource_type,resource_id,concurrency,depth,attempt,started_at,ended_at,api_latency_ms,visible_latency_ms,ready_latency_ms,connect_latency_ms,cleanup_latency_ms,http_status,success,error_code,error_message
bench_20260529T063854Z,,database,create,database,,1,0,1,2026-05-29T06:38:54.400068+00:00,2026-05-29T06:38:56.606060+00:00,2205.899309978122,,,,,202,True,,
bench_20260529T063854Z,,database,get,database,db_73c503ed,1,0,1,2026-05-29T06:38:56.606099+00:00,2026-05-29T06:38:56.753081+00:00,146.93059300770983,,,,,200,True,,
bench_20260529T063854Z,,database,get,database,db_73c503ed,1,0,1,2026-05-29T06:38:58.758680+00:00,2026-05-29T06:38:58.976785+00:00,217.9914930020459,,,,,200,True,,
bench_20260529T063854Z,,database,get,database,db_73c503ed,1,0,1,2026-05-29T06:39:00.986360+00:00,2026-05-29T06:39:01.133348+00:00,146.90528900246136,,,,,200,True,,
bench_20260529T063854Z,,database,get,database,db_73c503ed,1,0,1,2026-05-29T06:39:03.134594+00:00,2026-05-29T06:39:03.285287+00:00,150.60641698073596,,,,,200,True,,
bench_20260529T063854Z,,database,get,database,db_73c503ed,1,0,1,2026-05-29T06:39:05.292808+00:00,2026-05-29T06:39:05.484756+00:00,191.85742997797206,,,,,200,True,,
bench_20260529T063854Z,,database,get,database,db_73c503ed,1,0,1,2026-05-29T06:39:07.493999+00:00,2026-05-29T06:39:07.646868+00:00,152.7933409961406,,,,,200,True,,
bench_20260529T063854Z,,database,get,database,db_73c503ed,1,0,1,2026-05-29T06:39:09.651967+00:00,2026-05-29T06:39:09.795678+00:00,143.64451100118458,,,,,200,True,,
bench_20260529T063854Z,,database,get,database,db_73c503ed,1,0,1,2026-05-29T06:39:11.804471+00:00,2026-05-29T06:39:11.990844+00:00,186.3188160059508,,,,,200,True,,
bench_20260529T063854Z,,database,get,database,db_73c503ed,1,0,1,2026-05-29T06:39:13.991482+00:00,2026-05-29T06:39:14.137365+00:00,145.80369999748655,,,,,200,True,,
bench_20260529T063854Z,,database,get,database,db_73c503ed,1,0,1,2026-05-29T06:39:16.139995+00:00,2026-05-29T06:39:16.283505+00:00,143.44626798992977,,,,,200,True,,
bench_20260529T063854Z,,database,get,database,db_73c503ed,1,0,1,2026-05-29T06:39:18.288938+00:00,2026-05-29T06:39:18.466503+00:00,177.48518998268992,,,,,200,True,,
bench_20260529T063854Z,,database,get,database,db_73c503ed,1,0,1,2026-05-29T06:39:20.471565+00:00,2026-05-29T06:39:20.614567+00:00,142.93146500131115,,,,,200,True,,
bench_20260529T063854Z,,database,get,database,db_73c503ed,1,0,1,2026-05-29T06:39:22.621057+00:00,2026-05-29T06:39:22.775273+00:00,154.15926501736976,,,,,200,True,,
bench_20260529T063854Z,,database,get,database,db_73c503ed,1,0,1,2026-05-29T06:39:24.777532+00:00,2026-05-29T06:39:24.966234+00:00,188.6249899980612,,,,,200,True,,
bench_20260529T063854Z,,database,get,database,db_73c503ed,1,0,1,2026-05-29T06:39:26.973823+00:00,2026-05-29T06:39:27.118171+00:00,144.28588800365105,,,,,200,True,,
bench_20260529T063854Z,,database,get,database,db_73c503ed,1,0,1,2026-05-29T06:39:29.128098+00:00,2026-05-29T06:39:29.275678+00:00,147.4883999908343,,,,,200,True,,
bench_20260529T063854Z,,database,get,database,db_73c503ed,1,0,1,2026-05-29T06:39:31.285394+00:00,2026-05-29T06:39:31.467974+00:00,182.48557799961418,,,,,200,True,,
bench_20260529T063854Z,,database,get,database,db_73c503ed,1,0,1,2026-05-29T06:39:33.477186+00:00,2026-05-29T06:39:33.616915+00:00,139.67001999844797,,,,,200,True,,
bench_20260529T063854Z,,database,get,database,db_73c503ed,1,0,1,2026-05-29T06:39:35.627021+00:00,2026-05-29T06:39:35.777216+00:00,150.1197740144562,,,,,200,True,,
bench_20260529T063854Z,,database,get,database,db_73c503ed,1,0,1,2026-05-29T06:39:37.786696+00:00,2026-05-29T06:39:37.979154+00:00,192.37663500825875,,,,,200,True,,
bench_20260529T063854Z,,database,get,database,db_73c503ed,1,0,1,2026-05-29T06:39:39.988446+00:00,2026-05-29T06:39:40.137285+00:00,148.75696299714036,,,,,200,True,,
bench_20260529T063854Z,,database,get,database,db_73c503ed,1,0,1,2026-05-29T06:39:42.138456+00:00,2026-05-29T06:39:42.282696+00:00,144.15742899291217,,,,,200,True,,
bench_20260529T063854Z,,database,get,database,db_73c503ed,1,0,1,2026-05-29T06:39:44.289784+00:00,2026-05-29T06:39:44.430538+00:00,140.67900701775216,,,,,200,True,,
bench_20260529T063854Z,,database,get,database,db_73c503ed,1,0,1,2026-05-29T06:39:46.438852+00:00,2026-05-29T06:39:46.633243+00:00,194.31095899199136,,,,,200,True,,
bench_20260529T063854Z,,database,get,database,db_73c503ed,1,0,1,2026-05-29T06:39:48.638818+00:00,2026-05-29T06:39:48.779782+00:00,140.8973369980231,,,,,200,True,,
bench_20260529T063854Z,,database,get,database,db_73c503ed,1,0,1,2026-05-29T06:39:50.788983+00:00,2026-05-29T06:39:50.984732+00:00,195.6816650053952,,,,,200,True,,
bench_20260529T063854Z,,database,get,database,db_73c503ed,1,0,1,2026-05-29T06:39:52.988414+00:00,2026-05-29T06:39:53.129105+00:00,140.60985099058598,,,,,200,True,,
bench_20260529T063854Z,,database,get,database,db_73c503ed,1,0,1,2026-05-29T06:39:55.131528+00:00,2026-05-29T06:39:55.278042+00:00,146.44136000424623,,,,,200,True,,
bench_20260529T063854Z,,database,get,database,db_73c503ed,1,0,1,2026-05-29T06:39:57.287432+00:00,2026-05-29T06:39:57.439158+00:00,151.63803100585938,,,,,200,True,,
bench_20260529T063854Z,,branch,list,,,1,0,1,2026-05-29T06:39:57.439251+00:00,2026-05-29T06:39:57.586906+00:00,147.6159410085529,,,,,200,True,,
bench_20260529T063854Z,S,branch_create_without_compute,create,branch,br_f985656a,1,0,1,2026-05-29T06:40:02.531796+00:00,2026-05-29T06:40:02.925299+00:00,393.44730199081823,,,,,201,True,,
bench_20260529T063854Z,S,branch_create_without_compute,create,branch,br_da4a44c2,1,0,1,2026-05-29T06:40:02.925363+00:00,2026-05-29T06:40:03.337205+00:00,411.7960979929194,,,,,201,True,,
bench_20260529T063854Z,S,branch_create_without_compute,create,branch,br_025a3c34,1,0,1,2026-05-29T06:40:03.337267+00:00,2026-05-29T06:40:03.582954+00:00,245.64047899912111,,,,,201,True,,
bench_20260529T063854Z,S,branch_create_without_compute,create,branch,br_2c71a75e,1,0,1,2026-05-29T06:40:03.583012+00:00,2026-05-29T06:40:03.890265+00:00,307.21379999886267,,,,,201,True,,
bench_20260529T063854Z,S,branch_create_without_compute,create,branch,br_630e308e,1,0,1,2026-05-29T06:40:03.890320+00:00,2026-05-29T06:40:04.158619+00:00,268.2622649881523,,,,,201,True,,
bench_20260529T063854Z,S,branch_create_without_compute,create,branch,br_0058b9bc,1,0,1,2026-05-29T06:40:04.158674+00:00,2026-05-29T06:40:04.475032+00:00,316.3052690215409,,,,,201,True,,
bench_20260529T063854Z,S,branch_create_without_compute,create,branch,br_6b55692f,1,0,1,2026-05-29T06:40:04.475112+00:00,2026-05-29T06:40:04.710711+00:00,235.55274499813095,,,,,201,True,,
bench_20260529T063854Z,S,branch_create_without_compute,create,branch,br_b8428479,1,0,1,2026-05-29T06:40:04.710792+00:00,2026-05-29T06:40:05.014373+00:00,303.514814004302,,,,,201,True,,
bench_20260529T063854Z,S,branch_create_without_compute,create,branch,br_11bf90b9,1,0,1,2026-05-29T06:40:05.014451+00:00,2026-05-29T06:40:05.270653+00:00,256.14899801439606,,,,,201,True,,
bench_20260529T063854Z,S,branch_create_without_compute,create,branch,br_23810c19,1,0,1,2026-05-29T06:40:05.270720+00:00,2026-05-29T06:40:05.588609+00:00,317.84301897278056,,,,,201,True,,
bench_20260529T063854Z,S,branch_create_without_compute,create,branch,br_be94c88e,1,0,1,2026-05-29T06:40:05.588657+00:00,2026-05-29T06:40:05.858064+00:00,269.36990598915145,,,,,201,True,,
bench_20260529T063854Z,S,branch_create_without_compute,create,branch,br_07adb807,1,0,1,2026-05-29T06:40:05.858112+00:00,2026-05-29T06:40:06.169742+00:00,311.58127897651866,,,,,201,True,,
bench_20260529T063854Z,S,branch_create_without_compute,create,branch,br_8fa1438f,1,0,1,2026-05-29T06:40:06.169797+00:00,2026-05-29T06:40:06.624812+00:00,454.96673899469897,,,,,201,True,,
bench_20260529T063854Z,S,branch_create_without_compute,create,branch,br_6645cbf7,1,0,1,2026-05-29T06:40:06.624870+00:00,2026-05-29T06:40:06.919052+00:00,294.12805201718584,,,,,201,True,,
bench_20260529T063854Z,S,branch_create_without_compute,create,branch,br_c16fce98,1,0,1,2026-05-29T06:40:06.919119+00:00,2026-05-29T06:40:07.173730+00:00,254.56062000012025,,,,,201,True,,
bench_20260529T063854Z,S,branch_create_without_compute,create,branch,br_03cf64e3,1,0,1,2026-05-29T06:40:07.173794+00:00,2026-05-29T06:40:07.532053+00:00,358.2020319881849,,,,,201,True,,
bench_20260529T063854Z,S,branch_create_without_compute,create,branch,br_ddb54356,1,0,1,2026-05-29T06:40:07.532123+00:00,2026-05-29T06:40:07.941777+00:00,409.612229996128,,,,,201,True,,
bench_20260529T063854Z,S,branch_create_without_compute,create,branch,br_6c9d88c3,1,0,1,2026-05-29T06:40:07.941824+00:00,2026-05-29T06:40:08.248732+00:00,306.86656400212087,,,,,201,True,,
bench_20260529T063854Z,S,branch_create_without_compute,create,branch,br_f53f9b5a,1,0,1,2026-05-29T06:40:08.248783+00:00,2026-05-29T06:40:08.659075+00:00,410.2555559948087,,,,,201,True,,
bench_20260529T063854Z,S,branch_create_without_compute,create,branch,br_25a30bfe,1,0,1,2026-05-29T06:40:08.659117+00:00,2026-05-29T06:40:08.896370+00:00,237.1977729781065,,,,,201,True,,
bench_20260529T063854Z,S,branch_create_without_compute,create,branch,br_c06abc9b,1,0,1,2026-05-29T06:40:08.896416+00:00,2026-05-29T06:40:09.174722+00:00,278.27155400882475,,,,,201,True,,
bench_20260529T063854Z,S,branch_create_without_compute,create,branch,br_901029f1,1,0,1,2026-05-29T06:40:09.174766+00:00,2026-05-29T06:40:09.682562+00:00,507.7448290248867,,,,,201,True,,
bench_20260529T063854Z,S,branch_create_without_compute,create,branch,br_cd297407,1,0,1,2026-05-29T06:40:09.682620+00:00,2026-05-29T06:40:09.989223+00:00,306.56801399891265,,,,,201,True,,
bench_20260529T063854Z,S,branch_create_without_compute,create,branch,br_e2fe4ced,1,0,1,2026-05-29T06:40:09.989264+00:00,2026-05-29T06:40:10.251968+00:00,262.6687969896011,,,,,201,True,,
bench_20260529T063854Z,S,branch_create_without_compute,create,branch,br_2558edcc,1,0,1,2026-05-29T06:40:10.252016+00:00,2026-05-29T06:40:10.603911+00:00,351.8567409773823,,,,,201,True,,
bench_20260529T063854Z,S,branch_create_without_compute,create,branch,br_be645802,1,0,1,2026-05-29T06:40:10.603956+00:00,2026-05-29T06:40:10.875487+00:00,271.48555099847727,,,,,201,True,,
bench_20260529T063854Z,S,branch_create_without_compute,create,branch,br_b52af935,1,0,1,2026-05-29T06:40:10.875542+00:00,2026-05-29T06:40:11.119480+00:00,243.88100000214763,,,,,201,True,,
bench_20260529T063854Z,S,branch_create_without_compute,create,branch,br_24864a86,1,0,1,2026-05-29T06:40:11.119550+00:00,2026-05-29T06:40:11.358338+00:00,238.748265983304,,,,,201,True,,
bench_20260529T063854Z,S,branch_create_without_compute,create,branch,br_120ba42f,1,0,1,2026-05-29T06:40:11.358381+00:00,2026-05-29T06:40:11.599651+00:00,241.22967399307527,,,,,201,True,,
bench_20260529T063854Z,S,branch_create_without_compute,create,branch,br_67e8f689,1,0,1,2026-05-29T06:40:11.599696+00:00,2026-05-29T06:40:11.858859+00:00,259.1181590105407,,,,,201,True,,
bench_20260529T063854Z,S,branch_create_without_compute,create,branch,br_bc53f2ac,1,0,1,2026-05-29T06:40:11.858924+00:00,2026-05-29T06:40:12.119562+00:00,260.58895100140944,,,,,201,True,,
bench_20260529T063854Z,S,branch_create_without_compute,create,branch,br_492e0df9,1,0,1,2026-05-29T06:40:12.119628+00:00,2026-05-29T06:40:12.376396+00:00,256.7217989999335,,,,,201,True,,
bench_20260529T063854Z,S,branch_create_without_compute,create,branch,br_f4f18cec,1,0,1,2026-05-29T06:40:12.376464+00:00,2026-05-29T06:40:12.619640+00:00,243.10655202134512,,,,,201,True,,
bench_20260529T063854Z,S,branch_create_without_compute,create,branch,br_37423a11,1,0,1,2026-05-29T06:40:12.619696+00:00,2026-05-29T06:40:12.903746+00:00,283.9889419847168,,,,,201,True,,
bench_20260529T063854Z,S,branch_create_without_compute,create,branch,br_0bbeed8b,1,0,1,2026-05-29T06:40:12.903803+00:00,2026-05-29T06:40:13.168527+00:00,264.68400700832717,,,,,201,True,,
bench_20260529T063854Z,S,branch_create_without_compute,create,branch,br_4b87b501,1,0,1,2026-05-29T06:40:13.168576+00:00,2026-05-29T06:40:13.413354+00:00,244.73995302105322,,,,,201,True,,
bench_20260529T063854Z,S,branch_create_without_compute,create,branch,br_e5eca708,1,0,1,2026-05-29T06:40:13.413402+00:00,2026-05-29T06:40:13.654528+00:00,241.0773430019617,,,,,201,True,,
bench_20260529T063854Z,S,branch_create_without_compute,create,branch,br_3fa87d9a,1,0,1,2026-05-29T06:40:13.654584+00:00,2026-05-29T06:40:13.911974+00:00,257.3409730102867,,,,,201,True,,
bench_20260529T063854Z,S,branch_create_without_compute,create,branch,br_439138ef,1,0,1,2026-05-29T06:40:13.912041+00:00,2026-05-29T06:40:14.148129+00:00,236.03311699116603,,,,,201,True,,
bench_20260529T063854Z,S,branch_create_without_compute,create,branch,br_dc288b59,1,0,1,2026-05-29T06:40:14.148192+00:00,2026-05-29T06:40:14.837328+00:00,689.0908179921098,,,,,201,True,,
bench_20260529T063854Z,S,branch_create_without_compute,create,branch,br_7688293e,1,0,1,2026-05-29T06:40:14.837377+00:00,2026-05-29T06:40:15.153268+00:00,315.842588985106,,,,,201,True,,
bench_20260529T063854Z,S,branch_create_without_compute,create,branch,br_9dbf4b53,1,0,1,2026-05-29T06:40:15.153323+00:00,2026-05-29T06:40:15.469595+00:00,316.2232800095808,,,,,201,True,,
bench_20260529T063854Z,S,branch_create_without_compute,create,branch,br_61ea9650,1,0,1,2026-05-29T06:40:15.469663+00:00,2026-05-29T06:40:15.712014+00:00,242.30865700519644,,,,,201,True,,
bench_20260529T063854Z,S,branch_create_without_compute,create,branch,br_c6eeb090,1,0,1,2026-05-29T06:40:15.712065+00:00,2026-05-29T06:40:15.952226+00:00,240.11963402153924,,,,,201,True,,
bench_20260529T063854Z,S,branch_create_without_compute,create,branch,br_26d53f64,1,0,1,2026-05-29T06:40:15.952279+00:00,2026-05-29T06:40:16.198637+00:00,246.32152597769164,,,,,201,True,,
bench_20260529T063854Z,S,branch_create_without_compute,create,branch,br_25dc3ce3,1,0,1,2026-05-29T06:40:16.198682+00:00,2026-05-29T06:40:16.436314+00:00,237.59230200084858,,,,,201,True,,
bench_20260529T063854Z,S,branch_create_without_compute,create,branch,br_952678be,1,0,1,2026-05-29T06:40:16.436366+00:00,2026-05-29T06:40:16.676707+00:00,240.30268299975432,,,,,201,True,,
bench_20260529T063854Z,S,branch_create_without_compute,create,branch,br_380c23a9,1,0,1,2026-05-29T06:40:16.676756+00:00,2026-05-29T06:40:16.920803+00:00,243.98792299325578,,,,,201,True,,
bench_20260529T063854Z,S,branch_create_without_compute,create,branch,br_ca5268da,1,0,1,2026-05-29T06:40:16.920877+00:00,2026-05-29T06:40:17.184136+00:00,263.21933401050046,,,,,201,True,,
bench_20260529T063854Z,S,branch_create_without_compute,create,branch,br_427c5c74,1,0,1,2026-05-29T06:40:17.184185+00:00,2026-05-29T06:40:17.429004+00:00,244.7596230194904,,,,,201,True,,
bench_20260529T063854Z,S,branch_create_without_compute,create,branch,br_7139ce4b,1,0,1,2026-05-29T06:40:17.429079+00:00,2026-05-29T06:40:17.686596+00:00,257.4608900176827,,,,,201,True,,
bench_20260529T063854Z,S,branch_create_without_compute,create,branch,br_d6f9a81a,1,0,1,2026-05-29T06:40:17.686664+00:00,2026-05-29T06:40:17.928560+00:00,241.853481013095,,,,,201,True,,
bench_20260529T063854Z,S,branch_create_without_compute,create,branch,br_9be376ca,1,0,1,2026-05-29T06:40:17.928610+00:00,2026-05-29T06:40:18.181779+00:00,253.1216960051097,,,,,201,True,,
bench_20260529T063854Z,S,branch_create_without_compute,create,branch,br_db7ca451,1,0,1,2026-05-29T06:40:18.181842+00:00,2026-05-29T06:40:18.430017+00:00,248.1291629956104,,,,,201,True,,
bench_20260529T063854Z,S,branch_create_without_compute,create,branch,br_38170a5f,1,0,1,2026-05-29T06:40:18.430071+00:00,2026-05-29T06:40:18.673447+00:00,243.33822299377061,,,,,201,True,,
bench_20260529T063854Z,S,branch_create_without_compute,create,branch,br_7e5763a1,1,0,1,2026-05-29T06:40:18.673496+00:00,2026-05-29T06:40:18.960305+00:00,286.7687219986692,,,,,201,True,,
bench_20260529T063854Z,S,branch_create_without_compute,create,branch,br_e10e136c,1,0,1,2026-05-29T06:40:18.960359+00:00,2026-05-29T06:40:19.206114+00:00,245.7129769900348,,,,,201,True,,
bench_20260529T063854Z,S,branch_create_without_compute,create,branch,br_30172dcb,1,0,1,2026-05-29T06:40:19.206172+00:00,2026-05-29T06:40:19.514086+00:00,307.86464898847044,,,,,201,True,,
bench_20260529T063854Z,S,branch_create_without_compute,create,branch,br_c4716c60,1,0,1,2026-05-29T06:40:19.514153+00:00,2026-05-29T06:40:19.750427+00:00,236.22231697663665,,,,,201,True,,
bench_20260529T063854Z,S,branch_create_without_compute,create,branch,br_7d0c5fe6,1,0,1,2026-05-29T06:40:19.750493+00:00,2026-05-29T06:40:19.991854+00:00,241.31305501214229,,,,,201,True,,
bench_20260529T063854Z,S,branch_create_without_compute,create,branch,br_1e2a0bda,1,0,1,2026-05-29T06:40:19.991914+00:00,2026-05-29T06:40:20.262263+00:00,270.2954040141776,,,,,201,True,,
bench_20260529T063854Z,S,branch_create_without_compute,create,branch,br_c757f309,1,0,1,2026-05-29T06:40:20.262310+00:00,2026-05-29T06:40:20.498972+00:00,236.62306601181626,,,,,201,True,,
bench_20260529T063854Z,S,branch_create_without_compute,create,branch,br_7ca515cf,1,0,1,2026-05-29T06:40:20.499019+00:00,2026-05-29T06:40:20.745861+00:00,246.80524499854073,,,,,201,True,,
bench_20260529T063854Z,S,branch_create_without_compute,create,branch,br_76d404b7,1,0,1,2026-05-29T06:40:20.745909+00:00,2026-05-29T06:40:21.231560+00:00,485.5973729863763,,,,,201,True,,
bench_20260529T063854Z,S,branch_create_without_compute,create,branch,br_111a84af,1,0,1,2026-05-29T06:40:21.231685+00:00,2026-05-29T06:40:21.474973+00:00,243.22408199077472,,,,,201,True,,
bench_20260529T063854Z,S,branch_create_without_compute,create,branch,br_61e119dd,1,0,1,2026-05-29T06:40:21.475047+00:00,2026-05-29T06:40:21.705007+00:00,229.89836600027047,,,,,201,True,,
bench_20260529T063854Z,S,branch_create_without_compute,create,branch,br_00a1ac4f,1,0,1,2026-05-29T06:40:21.705063+00:00,2026-05-29T06:40:21.936185+00:00,231.06529298820533,,,,,201,True,,
bench_20260529T063854Z,S,branch_create_without_compute,create,branch,br_b31f0404,1,0,1,2026-05-29T06:40:21.936246+00:00,2026-05-29T06:40:22.319430+00:00,383.14066900056787,,,,,201,True,,
bench_20260529T063854Z,S,branch_create_without_compute,create,branch,br_3c2017a4,1,0,1,2026-05-29T06:40:22.319475+00:00,2026-05-29T06:40:22.792758+00:00,473.2382110087201,,,,,201,True,,
bench_20260529T063854Z,S,branch_create_without_compute,create,branch,br_7589d0d3,1,0,1,2026-05-29T06:40:22.792814+00:00,2026-05-29T06:40:23.032429+00:00,239.57595598767512,,,,,201,True,,
bench_20260529T063854Z,S,branch_create_without_compute,create,branch,br_40a4aa1d,1,0,1,2026-05-29T06:40:23.032478+00:00,2026-05-29T06:40:23.283404+00:00,250.88417800725438,,,,,201,True,,
bench_20260529T063854Z,S,branch_create_without_compute,create,branch,br_3c60b97d,1,0,1,2026-05-29T06:40:23.283457+00:00,2026-05-29T06:40:23.529198+00:00,245.67894599749707,,,,,201,True,,
bench_20260529T063854Z,S,branch_create_without_compute,create,branch,br_8b3341cc,1,0,1,2026-05-29T06:40:23.529274+00:00,2026-05-29T06:40:23.765960+00:00,236.6464050137438,,,,,201,True,,
bench_20260529T063854Z,S,branch_create_without_compute,create,branch,br_30703768,1,0,1,2026-05-29T06:40:23.766010+00:00,2026-05-29T06:40:24.011404+00:00,245.35029899561778,,,,,201,True,,
bench_20260529T063854Z,S,branch_create_without_compute,create,branch,br_20029c53,1,0,1,2026-05-29T06:40:24.011457+00:00,2026-05-29T06:40:24.326527+00:00,314.9991869868245,,,,,201,True,,
bench_20260529T063854Z,S,branch_create_without_compute,create,branch,br_01f4cb59,1,0,1,2026-05-29T06:40:24.326607+00:00,2026-05-29T06:40:24.915943+00:00,589.2847240029369,,,,,201,True,,
bench_20260529T063854Z,S,branch_create_without_compute,create,branch,br_18b9eaff,1,0,1,2026-05-29T06:40:24.915995+00:00,2026-05-29T06:40:25.247942+00:00,331.9076689949725,,,,,201,True,,
bench_20260529T063854Z,S,branch_create_without_compute,create,branch,br_c1caf911,1,0,1,2026-05-29T06:40:25.247990+00:00,2026-05-29T06:40:25.494525+00:00,246.49381599738263,,,,,201,True,,
bench_20260529T063854Z,S,branch_create_without_compute,create,branch,br_5dc616cb,1,0,1,2026-05-29T06:40:25.494582+00:00,2026-05-29T06:40:25.741072+00:00,246.44895002711564,,,,,201,True,,
bench_20260529T063854Z,S,branch_create_without_compute,create,branch,br_48babbb8,1,0,1,2026-05-29T06:40:25.741124+00:00,2026-05-29T06:40:25.990083+00:00,248.9199319970794,,,,,201,True,,
bench_20260529T063854Z,S,branch_create_without_compute,create,branch,br_1960734f,1,0,1,2026-05-29T06:40:25.990129+00:00,2026-05-29T06:40:26.376265+00:00,386.0766730213072,,,,,201,True,,
bench_20260529T063854Z,S,branch_create_without_compute,create,branch,br_608e56cb,1,0,1,2026-05-29T06:40:26.376340+00:00,2026-05-29T06:40:26.631119+00:00,254.73545299610123,,,,,201,True,,
bench_20260529T063854Z,S,branch_create_without_compute,create,branch,br_f99b0a29,1,0,1,2026-05-29T06:40:26.631170+00:00,2026-05-29T06:40:26.873531+00:00,242.3209330008831,,,,,201,True,,
bench_20260529T063854Z,S,branch_create_without_compute,create,branch,br_9f80d74e,1,0,1,2026-05-29T06:40:26.873587+00:00,2026-05-29T06:40:27.305728+00:00,432.0786830212455,,,,,201,True,,
bench_20260529T063854Z,S,branch_create_without_compute,create,branch,br_2dd00866,1,0,1,2026-05-29T06:40:27.305806+00:00,2026-05-29T06:40:27.963605+00:00,657.7476060192566,,,,,201,True,,
bench_20260529T063854Z,S,branch_create_without_compute,create,branch,br_c355fffd,1,0,1,2026-05-29T06:40:27.963657+00:00,2026-05-29T06:40:28.250737+00:00,287.043749995064,,,,,201,True,,
bench_20260529T063854Z,S,branch_create_without_compute,create,branch,br_c48ebf02,1,0,1,2026-05-29T06:40:28.250784+00:00,2026-05-29T06:40:28.524370+00:00,273.5464359866455,,,,,201,True,,
bench_20260529T063854Z,S,branch_create_without_compute,create,branch,br_90d4eb23,1,0,1,2026-05-29T06:40:28.524419+00:00,2026-05-29T06:40:28.766673+00:00,242.21590199158527,,,,,201,True,,
bench_20260529T063854Z,S,branch_create_without_compute,create,branch,br_0309ac16,1,0,1,2026-05-29T06:40:28.766721+00:00,2026-05-29T06:40:29.267378+00:00,500.60489698080346,,,,,201,True,,
bench_20260529T063854Z,S,branch_create_without_compute,create,branch,br_fef220bd,1,0,1,2026-05-29T06:40:29.267436+00:00,2026-05-29T06:40:29.549875+00:00,282.3871290020179,,,,,201,True,,
bench_20260529T063854Z,S,branch_create_without_compute,create,branch,br_90b34b8f,1,0,1,2026-05-29T06:40:29.549943+00:00,2026-05-29T06:40:29.861613+00:00,311.6143819934223,,,,,201,True,,
bench_20260529T063854Z,S,branch_create_without_compute,create,branch,br_429917ae,1,0,1,2026-05-29T06:40:29.861684+00:00,2026-05-29T06:40:30.640471+00:00,778.7264560174663,,,,,201,True,,
bench_20260529T063854Z,S,branch_create_without_compute,create,branch,br_969f17a5,1,0,1,2026-05-29T06:40:30.640542+00:00,2026-05-29T06:40:31.000605+00:00,359.99014298431575,,,,,201,True,,
bench_20260529T063854Z,S,branch_create_without_compute,create,branch,br_c160f36a,1,0,1,2026-05-29T06:40:31.000680+00:00,2026-05-29T06:40:31.289925+00:00,289.1936919768341,,,,,201,True,,
bench_20260529T063854Z,S,branch_create_without_compute,create,branch,br_66a9197c,1,0,1,2026-05-29T06:40:31.289993+00:00,2026-05-29T06:40:31.545119+00:00,255.07056299829856,,,,,201,True,,
bench_20260529T063854Z,S,branch_create_without_compute,create,branch,br_0bc3d846,1,0,1,2026-05-29T06:40:31.545192+00:00,2026-05-29T06:40:31.803296+00:00,258.06441498571075,,,,,201,True,,
bench_20260529T063854Z,S,branch_create_without_compute,create,branch,br_a0961a65,1,0,1,2026-05-29T06:40:31.803345+00:00,2026-05-29T06:40:32.277410+00:00,474.00257299887016,,,,,201,True,,
bench_20260529T063854Z,S,branch_create_without_compute,create,branch,br_dd5d0764,1,0,1,2026-05-29T06:40:32.277488+00:00,2026-05-29T06:40:32.536405+00:00,258.8704639929347,,,,,201,True,,
bench_20260529T063854Z,S,branch_create_without_compute,create,branch,br_0dfd3b9c,1,0,1,2026-05-29T06:40:32.536459+00:00,2026-05-29T06:40:32.776772+00:00,240.27728498913348,,,,,201,True,,
bench_20260529T063854Z,S,branch_create_without_compute,create,branch,br_2e08c3e0,1,0,1,2026-05-29T06:40:32.776821+00:00,2026-05-29T06:40:33.328980+00:00,552.1134159935173,,,,,201,True,,
bench_20260529T063854Z,S,branch_create_with_compute,create,branch,br_411a3213,1,0,1,2026-05-29T06:40:33.329036+00:00,2026-05-29T06:40:33.708545+00:00,379.46841298253275,,,,,201,True,,
bench_20260529T063854Z,S,branch_create_with_compute,create,branch,br_101c02f6,1,0,1,2026-05-29T06:40:47.701650+00:00,2026-05-29T06:40:48.195126+00:00,493.40882801334374,,,,,201,True,,
bench_20260529T063854Z,S,branch_create_with_compute,create,branch,br_61e2a51f,1,0,1,2026-05-29T06:40:54.567808+00:00,2026-05-29T06:40:55.070227+00:00,502.3665560001973,,,,,201,True,,
